プラットフォーム等コード,プラットフォーム名等
JAE001,BATEEL
JAE002,ARVATO LOGISTICS FZCO
JAT001,PHIACADEMY GMBH
JAT002,ORIGINAL SACHER-TORTEN MANUFAKTUR
JAT003,WOLFORD
JAU001,BELLROY
JAU002,CORAVIN
JAU003,KORA ORGANICS
JAU004,MUTIMER 
JAU005,QUADLOCKCASE
JAU006,WILD 
JAU007,STEP ONE 
JAU008,FRESHWATER BRANDS
JAU009,BRONZE SNAKE 
JAU010,THAT'S SO FETCH 
JAU011,GLOBAL-E C/O CITY BEACH 
JAU012,ZIGGY ZAZA
JAU013,MESHKI PTY LTD
JAU014,BLACKMILK
JAU015,WHITE FOX BOUTIQUE
JAU016,SWEATS COLLECTIVE
JAU017,PRINCESS POLLY
JAU018,KSUBI
JAU019,RC MAKER
JAU020,INDIGO LUNA STORE
JAU021,CROP SHOP BOUTIQUE
JAU022,CENDRE
JAU023,AUSSIEBUM
JAU024,UNCLE RIC'S
JBD001,ENHANCE LTD
JBE001,ARTE ANTWERP
JBE002,DELDO
JBE003,PHANTOM LURE
JBR001,MN PROPOLIS
JCA001,WAREHOUSE GROUP
JCA002,DERMADRY LABORATORIES INC.
JCA003,DBRAND
JCA004,EVERLANE
JCA005,STACKMOD.COM
JCA006,JJJJOUND
JCA007,MEJURI INC
JCA008,BESTWELLSTEMCELL
JCA009,LES PRODUCTIONS DIME INC
JCA010,DURSTON GEAR
JCA011,ANNMS SHOP
JCA012,J.30000
JCA013,VITA-AGE NUTRITION
JCA014,HATCH COFFEE
JCA015,NAKED & FAMOUS DENIM
JCA016,SIMMOD LENS
JCA017,THE UNBRANDED BRAND
JCH001,CIOLINA
JCH002,BALLY
JCH003,LOEV
JCH004,CHARRIOL GENEVE
JCH005,ATELIER BASSI
JCH006,ON
JCN001,JLCPCB
JCN002,GCS TIMES
JCN003,NAKU
JCN004,ALIBABA.COM
JCN005,LICALASER
JCN006,YOOKSMART
JCN007,PCBWAY
JCN008,SNOWVERB
JCN009,TOBIDAIKO
JCN010,SHANGHAI KWEI RUNNING EC.CO.LTD
JCN011,SHENZHEN MOORECHIP TECHNOLOGIES LIMITED
JCN012,SEEED DEVELOPMENT LIMITED
JCN013,SONGTUO TRADING LIMITED
JCN014,AEROBAND
JCN015,JOYTOY
JCN016,VGNLAB.COM
JCN017,DIYVIVIAN.COM
JCN018,NANISURUDIY.COM
JCN019,ZYBERVR.COM
JCN020,BLUE MONTE
JCN021,ELECROW
JCN022,HELLOCIG
JCN023,LIKEWILLOW
JCN024,SEEED STUDIO
JCN025,YOELEOBIKE
JCN026,VEIMIA
JCN027,TNEKO
JCN028,TUNERC
JCN029,LALA
JCN030,EMMASCRIBE.COM
JCN031,LOVE ALLURE
JCN032,FLOWER KNOWS
JCN033,LOOKHEALTHYSTORE.COM
JCN034,ZYMDANCESTYLE.COM
JCN035,FALLOOK
JCN036,INFFTRU
JCN037,SUNNYCASA
JCN038,"CREALITY 3D TECHNOLOGY CO.,LTD"
JCN039,"YIWU YIHUI CLOTHING CO., LTD."
JCN040,FADE.MEET
JCN041,LALUNEDUCIEL.COM 
JCN042,LOWPROKB
JCN043,NINJUTSO
JCN044,VELPEAU
JCN045,RADIOMASTER
JCN046,MONTI
JCN047,FIRMOO
JCN048,SUKIKIDSSHOP.COM
JCN049,PANDILAND
JCN050,TTMART
JCN051,ADOR
JCN052,MINIINTHEBOX
JCN053,LIGHTINTHEBOX
JCN054,OUKU
JCN055,PCBX.COM
JCN056,TIMEKETTLE.CO
JCN057,SUNSKY
JCN058,JOBDII.JP
JCN059,JEWELRYANDFINDINGS.COM
JCN060,HUALIAN
JCN061,AKINODIY.COM
JCN062,TZKILLER.COM
JCN063,T238
JCN064,SHIPPING
JCN065,BEBEMEMO
JCY001,KAYRA EXPORT
JCY002,DETA ELIS CYPRUS
JCZ001,PRUSA RESEARCH A.S.
JCZ002,D5T5.COM
JDE001,MODELLBAHNSHOP
JDE002,HHV
JDE003,BREITKOPF HARTEL
JDE004,FC BAYERN MUENCHEN
JDE005,FRAKONNEX
JDE006,CANYON BICYCLES GMBH
JDE008,THOMANN GMBH
JDE009,ADIDAS AG
JDE010,EKUKO'S WINE SHOP
JDE011,KAWAII GLOBAL GMBH
JDE012,FITLINE
JDE013,ONER ACTIVE AUSTRIA GMBH
JDE014,NAIN TRADING GMBH
JDE015,TENNIS WAREHOUSE
JDE016,DISTEL BIO+
JDK001,AV86
JDK002,CECILIE BAHNSEN
JDK003,DAILY WATCH APS
JDK004,HELIOT EMIL
JDK005,NORDGREEN
JDK006,ANOTHER ASPECT
JDK007,MFPEN APS
JDK008,PAS NORMAL STUDIOS APS
JDK009,PHASE ONE A/S
JDK010,ROKOKO ELECTRONICS APS
JDK011,TEKLA
JDK012,TRACKMAN
JDK013,VEO
JDK014,FERM LIVING
JDK015,SCHMIEDMANN
JDK016,THE COFFEE COLLECTIVE A/S
JDK017,DAILYWATCH
JEE001,SPARETO
JEE002,RACER WORLDWIDE
JES001,DIESEL
JES002,GUSTAF WESTMAN
JES003,PARIS64BRAND SL
JES004,TRADEINN RETAIL SERVICES S.L
JES005,TINYCOTTONS S.L.U.
JES006,GIMAGUAS
JES007,PURO PASEO S.L.
JES008,REAL MADRID CF SHOP
JES009,SCUFFERS PARTNERS SL
JES010,NEW ROCK
JES011,TRUE ARTIST
JES012,ILOVEWINE
JES013,CHANCE RUNNING
JFI001,OURA
JFI002,ARTEK 
JFI003,ARTEK 2ND CYCLE
JFR001,FROMAGES.COM
JFR002,SEZANE
JFR003,AMBASSADE DE BOURGOGNE
JFR004,DOMAINE FLEUROT LAROSE
JFR005,LA GRANDE BOUTIQUE DU VIN
JFR006,LEGRAND FILLES ET FILS
JFR007,BORDEAUX CLASSIQUE
JFR008,DILETTANTES
JFR009,GRAND CRU CLUB
JFR010,WINE KINGDOM
JFR011,DOMAINE BRUNO LORENZON
JFR012,LA MAISON DE MAURICE
JFR013,DOMAINE MICHEL GROS
JFR014,NICOLAS
JFR015,PALOMAS
JFR016,JACQUES LACOMBE SARL
JFR017,SA RATEAU
JFR018,SO ARE WE
JFR019,LES CAVES DE TAILLEVENT
JFR020,TRENTE TROIS
JFR021,ULYSSE CAZABONNE
JFR022,LA CAVE DU CHATEAU
JFR023,DENIS PERRET
JFR024,DOMAINE JAUME
JFR025,MON MILLESIME
JFR026,DOMAINE MICHEL NOELLAT
JFR027,LA CAVE DES PAPILLES
JFR028,DOMAINE ARMELLE ET BERNARD RION
JFR029,CAVE DES SACRES
JFR030,LA VINOTHEQUE DE BORDEAUX
JFR031,STELLAE INTERNATIONAL FRANCE C/O MICHINO PARIS
JFR032,PHARM LUX / ELIQUID FRANCE
JFR033,PHILIBERT / PHILIBERT
JFR034,JUSTINE CLENQUET
JFR035,GONG SUP 1 SARL
JFR036,ACOLYT / CALL IT BY YOUR NAME
JFR037,SEABOURNE EXPRESS COURIER
JFR038,TYPOLOGY
JFR039,SATISFY
JFR040,COUCOU SUZETTE
JFR041,WE ARE REWIND
JFR042,CORPORATE COUTURE
JFR043,DAISY'S STORE
JFR044,BASTILLE
JFR045,AIR FRANCE SHOPPING
JFR046,IRIS GALERIE
JFR047,Z CHOCOLAT
JFR048,CONCEPT(K)
JGB001,NEXT
JGB002,MYPROTEIN
JGB003,VANQUISH FITNESS
JGB004,GYMSHARK
JGB005,SUNSPEL
JGB006,APOLINA
JGB007,CONTRADO
JGB008,EMMA BRIDGEWATER
JGB009,AMAIA
JGB010,APIDURA
JGB011,EUROSPARES
JGB012,CURRENTBODY
JGB013,BITMAP BOOKS
JGB014,AIR BUSINESS
JGB015,WSET
JGB016,BOXRAW LTD
JGB017,BRITISH BOOT COMPANY
JGB018,CHARLES TYRWHITT SHIRTS
JGB019,DESIGN ASYLUM RETAIL
JGB020,GHOST RETAIL
JGB021,NORTH SHOES
JGB022,SKINNY DIP
JGB023,LF MARKEY
JGB024,UTTAM
JGB025,VARLEY
JGB026,VENDULA LONDON LTD
JGB027,WHITCIRC LTD
JGB028,11 DEGREES
JGB029,3DTOTAL SHOP
JGB030,A WAY WITH MEDIA LTD
JGB031,ALL BEAUTY
JGB032,ALL SOLE
JGB033,AMELIORATE
JGB034,BAKER ROSS
JGB035,BEAUTY EXPERT
JGB036,BERGHAUS
JGB037,BODEN
JGB038,CANTERBURY
JGB039,COGGLES
JGB040,CULT BEAUTY
JGB041,EURO JAPAN TRADING CO.
JGB042,HQHAIR
JGB043,ILLAMASQUA
JGB044,KITBAG
JGB045,LOOKFANTASTIC
JGB046,MANKIND
JGB047,MILITARY 1ST
JGB048,MISSY EMPIRE
JGB049,MY BAG
JGB050,NEW LOOK
JGB051,OLIVER BONAS
JGB052,RAPHA
JGB053,SISTER JANE
JGB054,SPEEDO
JGB055,SPORTS DIRECT
JGB056,CAMDEN TOOLS
JGB057,PERFECT FIT
JGB058,THE HUT
JGB059,ROULEUR
JGB060,IDA SHOP
JGB061,MAD ABOUT SKIN
JGB062,M&CO
JGB063,THE WHITE COMPANY
JGB064,HOMO LONDON
JGB065,SILVER MUSHROOM
JGB066,JADED LONDON
JGB067,WILLIAMS GROUP
JGB068,GLOBE ENTERPRISE
JGB069,YARDSALE
JGB070,YOURS CLOTHING.
JGB071,NOURISHED
JGB072,BRIGHTON & HOVE 
JGB073,BOOK DELIVERLY
JGB074,PBSHOP
JGB075,PRESTO MUSIC
JGB076,DOOMSDAYCO
JGB077,DRESSMEZEE
JGB078,GOVIERS
JGB079,HIGH DIVE APPAREL
JGB080,PRO-RACE EXHAUST SYSTEMS
JGB081,SINNERS ATTIRE
JGB082,TESSA METCALFE
JGB083,UNKNOWN LONDON
JGB084,SHASHINGIFT
JGB085,I AM ME
JGB086,BEGG X CO
JGB087,ESPA
JGB088,GODDIVA
JGB089,UNIK
JGB090,JDS
JGB091,BRAND SAUCE LIMITED 
JGB092,THOM BROWNE - NEW YORK
JGB093,FORTNUM & MASON
JGB094,TAYLOR AND FRANCIS (TJ)
JGB095,ATOM SUPPLIES LTD
JGB096,BANANAFINGERS LTD FR
JGB097,KIKO KOSTADINOV LTD.
JGB098,CLASSIC ALFA LTD
JGB099,J CARTER SPORTING CLUB LIMITED
JGB100,MACKINTOSH LTD
JGB101,SIMONE ROCHA MOUNT STREET STORE
JGB102,OH POLLY LIMITED
JGB103,NAKED WOLFE
JGB104,SIDELINE DESIGN LTD
JGB105,WWW.MONICAVINADER.COM
JGB106,TAYLOR AND FRANCIS
JGB107,ARIES ARISE LIMITED
JGB108,RELIABLE MEDICARE
JGB109,QUIZ CLOTHING
JGB110,ORGANIC ZOO
JGB111,J.PRESS.JP
JGB112,STRATHBERRY LIMITED
JGB113,FOCUSRITE AUDIO ENGINEERING LIMITED
JGB114,LANDO NORRIS
JGB115,SYNA.STORE
JGB116,FOX UMBRELLAS LTD
JGB117,UNBOX INDUSTRIES
JGB118,FLANNELS
JGB119,TED LASSO
JGB120,ARROWFILMS
JGB121,TALA
JGB122,GLOVERALL 
JGB123,COU COU INTIMATES
JGB124,SPORTSDIRECT
JGB125,EXPLOSIVE FIBRES
JGB126,EZ GAINS
JGB127,GECKO MOTORCYCLES
JGB128,GOODFELLOW CAMBRIDGE
JGB129,HOUSE OF LEATHER
JGB130,STUDIOCARE
JGB131,TARA COOMBER
JGB132,WAXADDICT
JGB133,UDISCOVER MUSIC
JGB134,LAZY OAF
JGB135,HUUB
JGB136,BLACKSMITH STORE
JGB137,DMY STUDIOS
JGB138,UNIVERSAL WORKS
JGB139,YOR MUST CREATE
JGB140,RAT BETTY
JGB141,STUMPER & FIELDING
JHK001,CASETIFY
JHK002,YOUUP
JHK003,CAFUNE
JHK004,CCN
JHK005,DDT STORE
JHK006,BERLOOK
JHK007,DIYWATCHCLUB
JHK008,1 SHOP MOBILE
JHK009,FOREO
JHK010,GNC LIVEWELL
JHK011,SMARTBUYGLASSES
JHK012,ABLECARRY
JHK013,AMERICAN EAGLE
JHK014,STRAWBERRYNET
JHK015,EMBER
JHK016,7SGOOD
JHK017,"KEYCHRON ELECTRONICS (SHENZHEN) CO., LTD"
JHK018,NET-A-PORTER
JHK019,LANE CRAWFORD (HK) LTD.
JHK020,HAKUYOU TSUHAN INC.
JHK021,RHINOSHIELD
JHK022,OSAKADOU
JHK023,ORANDAYA
JHK024,BEST-E
JHK025,IST
JHK026,ASF
JHK027,VIRILITY SHOP
JHK028,JISA
JHK029,SAIKA
JHK030,KYUKYUYA.COM
JHK031,KARADAKAMPO.COM
JHK032,USAPARA
JHK033,F-TRADING
JHK034,RAZER INC.
JHK035,IM8
JHK036,HEADACHE SOUND ELECTRONICS LIMITED
JHK037,CCN SPORT
JHK038,HILIQ
JHK039,ALEXANDER WANG GLOBAL LTD
JHK040,PATTERN HOLDINGS COMPANY LIMITED
JHK041,GOELIA
JHK042,AMORESY
JHK043,FOVERO
JHK044,THE FUTURE ROCKS
JID001,JKGROUP
JID002,PT. SENSATIA BOTANICALS
JIL001,LOTAR COMBAT
JIN001,CEMCA
JIN002,ULTRAHUMAN HEALTHCARE PVT LTD
JIN003,GENIE EXPORTS PVT LTD
JIN004,SHYAMEXP
JIT001,FAVERO ELECTRONICS
JIT002,HERNO
JIT003,JIL SANDER
JIT004,VERSACE
JIT005,DSQUARED2
JIT006,FENDI
JIT007,GRUPPO PRITELLI
JIT008,BBRMODELS
JIT009,BOGGI MILANO
JIT010,BRUNELLO CUCINELLI 
JIT011,G&B
JIT012,CANTINE BIRGI
JIT013,BUSSELLATI
JIT014,DOLCE&GABBANA
JIT015,WINETIP
JIT016,CHRISTIAN VILLA 
JIT017,MR PORTER
JIT018,BRUNA ROSSO SRL
JIT019,GOLDEN GOOSE
JIT020,VALEXTRA SPA
JIT021,LIDIA SHOPPING SRL
JIT022,BASE BLU SRL
JIT023,SPINNAKER SRL
JIT024,SOCIETA' SPORTIVA CALCIO NAPOL
JIT025,OWENSCORP ITALIA SPA
JIT026,DROP SRL
JIT027,MANIFATTURA VALCISMON SPA
JIT028,GRAM(28)
JIT029,VENEZIA FC
JIT030,TUSCANY LEATHER FIRENZE
JIT031,MARNI
JIT032,MAISON MARGIELA
JIT033,BAZOOKA
JIT034,ANTONIOLI SA
JIT035,THE CORNER.COM
JIT036,BRAVE KID
JIT037,ETRO
JIT039,PRADA
JIT040,CUSTOM INFERNO
JIT041,GRAFFEO CRAVATTE
JIT042,TRANORA
JIT043,VENEZIANICO
JIT044,VECCHIA MURANO
JJP001,POLENE
JJP002,STICKER JAPAN
JJP003,CONEY ISLAND
JJP004,CALVIN KLEIN
JJP005,ARMANI
JJP006,SMYTHSON
JJP007,TIRTIR
JJP008,AYA COMPANY LIMITED
JJP009,VAPESTUDIO
JJP010,BLACKUP
JJP011,TIMEFLIK
JJP012,BELINDA
JJP013,POLANTOKKI
JJP014,GH. BASS & CO
JJP015,J.PRESS
JJP016,THREE STORE
JJP017,FIRE-KING JAPAN
JJP018,WATER WISE
JJP019,ROAD RUNNER BAGS
JJP020,MY MOODS LLC
JJP021,DOTERRA
JJP022,ENGEVITY
JJP023,POSSIM CO. LTD
JJP024,INTERPHOENIX
JJP025,ABERCROMBIE & FITCH
JJP026,HOLLISTER
JJP027,SOLVE
JJP028,VELOVITA
JJP029,THEFOUNDERS
JJP030,POP MART
JJP031,WAY OF WADE
JJP032,BROOKS BROTHERS
JJP033,TENSONEKO
JJP034,TAOBAOSHINKANSEN
JJP035,ASAPMODE GALLERY
JJP036,AMANDA
JJP037,ANDOR ONLINE
JJP038,ARULLE
JJP039,BAKER
JJP040,BONBON
JJP041,CAXUL
JJP042,CIELOGAMES
JJP043,CITRON ELEGANT
JJP044,CMALL
JJP045,CUMMEL
JJP046,DE ROSSI
JJP047,FASHIRU
JJP048,GIRLSCRUSH
JJP049,HILO&HILO
JJP050,JISTORY
JJP051,KAKISS.STORE
JJP052,MBLUE
JJP053,MENES
JJP054,MINNE
JJP055,MUSEHOME
JJP056,POMUROOM
JJP057,RUSSEL
JJP058,"SELF BUILT WEBSITE					"
JJP059,SOFADECO
JJP060,SUIMIA
JJP061,SURI SURI MASURI
JJP062,THATSKYSHOP
JJP063,THEFABCLUB
JJP064,TRANSIC
JJP065,UNIDRE BABY&KIDS
JJP066,VERILADY
JJP067,YOMOMENT
JJP068,ZOMIGEN
JJP069,SHILEO
JJP070,3RD DESIGN
JJP071,EU4RIA
JJP072,TOMOYOSHIYA
JJP073,MAKELOVE
JJP074,LIORA
JJP075,HIGHSTAKES FUKUOKA
JJP076,EGOMEI
JJP077,MONARCH CROWN
JJP078,LAZENA.JP
JJP079,DURAMOBI.JP
JJP080,MARIEANGE
JJP081,GLAM.DRESSLUXA
JJP082,STATELY
JJP083,JCTRADE
JJP084,TRUCKSHOP TOPROAD SENDAI
JJP085,AMERI PLUS
JJP086,ADWENS
JJP087,MUSHWEAR
JJP088,INSPIRE
JJP089,MYCASESTORE.NET
JJP090,SYNKROY.COM
JJP091,SQUENIK.COM
JJP092,TRANQUILJEWEL.COM
JJP093,UNBIRTHDAY
JJP094,SPICA GLOW
JJP095,TSUBAME RANDOSERU
JJP096,TAROBENI
JJP097,CHERI
JJP098,RIZAIM
JJP099,GUGU
JJP100,NOARE
JJP101,MODE-APPARARE
JJP102,YOUTHFUL SCAR PEOPLES
JJP103,EMUNIEM
JJP104,VIGORIS
JJP105,MIDO NOBU ACCESSRY SHOP
JJP106,ZAKKA RAKUBO
JJP107,ATELIER VEILCARRY
JJP108,HEATKING JAPAN
JJP109,BRABRA(BRABRA TOKYO)
JJP110,LILI MARCHE
JJP111,ELUVA
JJP112,BASE UDRESSER
JJP113,STEP OUT
JJP114,E-SQUARE
JJP115,MELLLAND
JJP116,OSHIHUKU
JJP117,NAMJA
JJP118,NESS
JJP119,KEELS
JJP120,HER ME
JJP121,RAKISSSH
JJP122,3SECONDS
JJP123,HANA NO DRESS
JJP124,ROITH
JJP125,EMILE
JJP126,GYPSOQUE
JJP127,JOUONDOU
JJP128,LOM.
JJP129,EDC FIDGET
JJP130,SENSE EASE
JJP131,BOYC
JJP132,DALI/DAILY LIFE NOIZE
JJP133,NATURE STAWINK
JJP134,LIENPLUS
JJP135,LUPINAIL
JJP136,LOWGARAGE
JJP137,NERINEIS
JJP138,LYNK.
JJP139,SNAPS
JJP140,OHPRINT.ME
JJP141,URBAN GROW
JJP142,PEAK BLUE
JJP143,NOSTALICA
JJP144,K-RAD
JJP145,AT SEOUL
JJP146,WEVERSE SHOP GLOBAL
JJP147,MJ-SHOP
JJP148,URBAN CYPHER
JJP149,SUG POINT
JJP150,ANUA
JJP151,IRODORI
JJP152,ICELUXE
JJP153,STAKE
JJP154,SIXICE
JJP155,GENZ MONSTER
JJP156,CHROME HEADS
JJP157,MOILUX
JJP158,HONEY MY DAYS
JJP159,GROOVY JAPAN
JJP160,COSPLAYDONYA
JJP161,LARDOO
JJP162,COSONSEN
JJP163,YUKICOS
JJP164,UNIDRE
JJP165,IROMUSUBI
JJP166,MERCI LATTE
JJP167,COKO
JJP168,ICE LUXE
JJP169,NINUFA
JJP170,AIFY
JJP171,PALUN
JJP172,CHUBBY BEAR
JJP173,EISU
JJP174,MYCASE
JJP175,INSCASE
JJP176,RUMIRU
JJP177,GADGETLABO
JJP178,FANCY
JJP179,NEOARCHIVE
JJP180,COMU NOIR EDGE
JJP181,SALANG.JP
JJP182,AREUMDAUM.JP
JJP183,POMULUA
JJP184,CRAMMY
JJP185,PORTERRA
JJP186,MAIA
JJP187,BELLPAGE
JJP188,GIRLS BE GIRLS
JJP189,BUONAVITA
JJP190,NOT-SHOP.COM
JJP191,BELTIES
JJP192,SMASHOL
JJP193,ESTER CODE
JJP194,BUILT NOT BORN
JJP195,STELLA FIORE
JJP196,OMUNOOUCHI
JJP197,VIA ROUGE
JJP198,MANANA VILLAGE
JJP199,JEWEL CHANCE
JJP200,RAVEN
JJP201,LU MENOUS
JJP202,LIE NIR
JJP203,LULULANA
JJP204,LINOE
JJP205,REMTY
JJP206,BLISS
JJP207,VOL.ME
JJP208,KOCHIITN
JJP209,LE CADEAU
JJP210,SO3
JJP211,FREEBOX
JJP212,LE PONT
JJP213,THE ETO
JJP214,ATHRO FIT
JJP215,99YOGA
JJP216,CHIKO917
JJP217,COCOSMILE
JJP218,CHAMPEE
JJP219,JOPPY
JJP220,ELENERO
JJP221,AVANCELAB
JJP222,HIGH-LIFE
JJP223,HOOPERS
JJP224,AERISS
JJP225,BRIGHT ONLINE
JJP226,MERAVIOGGI
JJP227,2..LITR
JJP228,DAILY CLOSET
JJP229,FEEL UP!!
JJP230,COCOMEL
JJP231,LIBERD
JJP232,PETITANGE
JJP233,R.QUEEN
JJP234,SORTIANTE
JJP235,LUEUR
JJP236,RILASTA
JJP237,NOIRYS
JJP238,YUMEKAWAGIRL
JJP239,BONNY ME
JJP240,NUEE
JJP241,TOKKO'S CLOSET
JJP242,BEST STYLE
JJP243,PANDA ZUQUUUN!
JJP244,INHOMETION
JJP245,MADMIMI
JJP246,I.C.LIVING
JJP247,CRAYTH
JJP248,PASTEL CANDY
JJP249,FLEULIA
JJP250,RECCIA
JJP251,FITELLA
JJP252,COVERGRACE
JJP253,SKURTIA
JJP254,CHOCLIE
JJP255,JEANELLE
JJP256,COCO-CHI
JJP257,PIRAWARE
JJP258,Y-BOUEKI
JJP259,TWINKLE BOX
JJP260,SPARKJOY
JJP261,MODAMUSE
JJP262,ORIENTAL WIND
JJP263,QOOZA
JJP264,SOSOS DESIGN
JJP265,LUXE TEE
JJP266,COCOTTE & MEW
JJP267,DECO&ROOM
JJP268,LUVCHAIN
JJP269,MIRAIHAIR
JJP270,MIRAGE
JJP271,LUXERA
JJP272,LOVEMEMO
JJP273,FABULOVE
JJP274,MOKOFUWA
JJP275,HUGDY
JJP276,CURULIA
JJP277,MURO
JJP278,SNEAK8R
JJP279,LUCHY
JJP280,MONSTER GUARDIANS
JJP281,M'S CLOSET
JJP282,KURONYAN
JJP283,GRAMU
JJP284,CHURACHURA
JJP285,FESALIA
JJP286,CHERIE ANGE
JJP287,KXCK
JJP288,CRAFT.MEOW
JJP289,SUYAA
JJP290,11AM
JJP291,ULULU
JJP292,BLACKOUT
JJP293,OLD SPORT
JJP294,WEALLGOOD
JJP295,CHIC&THINGS
JJP296,MAIDOSHOP
JJP297,QUINCEMAPLE.BASE.SHOP
JJP298,RE:BLOOM BY ICL
JJP299,FULL-SWING BDMT
JJP300,TIAD STORE
JJP301,UUU
JJP302,SORIN STORE
JJP303,IVONIR
JJP304,GRAMARIA
JJP305,CEREL TOKYO
JJP306,REGINA
JJP307,HANEULMODE
JJP308,FAVORITESELECT
JJP309,SELCA
JJP310,EBINE.ACCESSORY
JJP311,LUNOA BY LUDRA
JJP312,HARE BIRTH
JJP313,NAVI
JJP314,LANTEN.
JJP315,LEMARCHAN50.
JJP316,NUEXA
JJP317,MILONNE
JJP318,MOBU
JJP319,PARTY DRESS EMILE
JJP320,MOGU
JJP321,MILKY GREEK
JJP322,RANGIE
JJP323,COMME DES GARCONS
JJP324,CONCEPT7
JJP325,FREEDOM FACTORY
JKR001,OLENS
JKR002,GLOVEWORKS 
JKR003,TONYMOLY
JKR004,PHOTOISMSHOP
JKR005,MARGESHERWOOD
JKR006,11AM
JKR007,66GIRLS
JKR008,AWAB
JKR009,BAON
JKR010,BLUEPOPS
JKR011,BULLANG GIRLS
JKR012,DOROSIWA
JKR013,ESLENA
JKR014,FANSLIKE
JKR015,FROMBEGINNING
JKR016,FROMHEADTOTOE
JKR017,KABANER
JKR018,KCLUB
JKR019,LAGIRL
JKR020,LOVEANDPOP
JKR021,MATEYOON
JKR022,MNEM
JKR023,OVERDUEFLAIR
JKR024,POPOKII
JKR025,PENACOVA
JKR026,THREETIMES
JKR027,THEVERLIN
JKR028,MITUNOLENS
JKR029,RELX
JKR030,DEAR DILLY
JKR031,BIGC
JKR032,MWAVE
JKR033,MY MUSIC TASTE
JKR034,HENU JAPAN/SHOPIFY
JKR035,K-STORE/CAFE24
JKR036,XODIARK/CAFE24
JKR037,YES 24
JKR038,MUAE
JKR039,ENPRANI
JKR040,MINI RECORD
JKR041,AMUSE
JKR042,FOURCOMPANY JP
JKR043,WCONCEPT KOREA
JKR044,BEAUTYOFJOSEON
JKR045,ADER ERROR
JKR046,"ABSORBLAB CO., LTD."
JKR047,LIILY
JKR048,COLN
JKR049,BIBICON.NET
JKR050,TOLCORE
JKR051,I-LENS
JKR052,DESIGN SKIN
JKR053,YESEYESEE.COM
JKR054,COMICLAND
JKR055,THISISNEVERTHAT
JKR056,KHAKIS
JKR057,SUNLOVE
JKR058,LOADINGROOM
JKR059,GGSTORE.COM
JKR060,KONNY
JKR061,BUDHI MUDRA JAPAN
JKR062,NUGU
JKR063,ASCLO JAPAN
JKR064,HOLY IN CODE
JKR065,SHOPPERLAN:D
JKR066,HAVEHAD
JKR067,TOTO&ROY
JKR068,VT COSMETICS
JKR069,FIED WORLD
JKR070,GLOWISHERE
JKR071,KUME JAPAN.COM
JKR072,GDS.
JKR073,POCAMARKET
JKR074,VEASLY
JKR075,FANS
JKR076,GOOSEKET
JKR077,NUMBERING
JKR078,"ARCHIVEPKE			"
JKR079,APRICOTSTUDIOS
JKR080,GENGSHOP
JKR081,TIGERNATION SHOP
JKR082,HOLICHOLIC
JKR083,DAILY&CO
JKR084,DOTINK JAPAN OFFICIAL STORE
JKR085,MERRY FRIDAY
JKR086,ZAENIO
JKR087,THUGCLUB
JKR088,ROMAN MOOD
JKR089,MARPPLE.COM
JKR090,MARPPLE.SHOP
JKR091,FILLINTHEBLANK
JKR092,VERDALTO.COM
JKR093,NOUARTE
JKR094,AEPSA OFFICIAL STORE
JKR095,USS2
JKR096,AUBEREVE
JKR097,BCAESAR-SHOP
JKW001,FABRIC OF SOCIETY COMPANY
JLT001,HAUTICA
JLT002,BURGA
JLV001,AZERON
JLV002,MADARA COSMETICS
JMA001,BACHA COFFEE
JMC001,APMMONACO
JMC002,MDC MONACO
JMY001,CY TWO THOUSAND MARKETING
JMY002,TITAN STAR RESOURCES SDN BHD
JMY003,TASCO BERHAD
JMY004,YOUNG LIVING ESSENTIAL OILS
JNL001,BURTON 2CV PARTS
JNL002,CARLIJNQ
JNL003,RITUALS COSMETICS ENTERPRISE
JNL004,MWS B.V.
JNL005,ERG MEDIA B.V.
JNL006,WA NETHERLANDS B.V
JNL007,VAN DEN BAN
JNL008,MAIN STORY
JNL009,PARACORD.EU
JNL010,VERSTAPPEN.COM
JNL011,GOSOAKY
JNL012,MARJOLEIN DELHAAS
JNL013,RUSH HOUR
JNL014,SONIC RENDEZ VOUS
JNL015,SPROET&SPROUT
JNO001,REMARKABLE
JNO002,SCANDI CANDY
JNO003,TIM WENDELBOE AS
JNZ001,AG1 NEW ZEALAND LTD
JNZ002,GOODLIDS
JNZ003,VELOBIKE INNOVATION LIMITED
JNZ004,MITOQ LIMITED
JNZ005,MOREPORKS
JNZ006,XPANDSTORE.COM
JNZ007,CUTEHART.COM
JNZ008,BEAUTY MONSTER
JPK001,LAAM PVT LTD
JPL001,GATE
JPL002,GOODY WOODY
JPL003,ARWENA ON-LINE
JPL004,VITKAC.COM
JPL005,WHITEOAK HANDBOARDS
JPT001,POETIC HARMONY
JPT002,FPF PORTUGAL STORE
JRU001,SV LLC
JSE001,OUR LEGACY
JSE002,MARSHALL
JSE003,MYRKL
JSE005,MINI RODINI
JSE006,VIS (SHANGHAI) TECHNOLOGY LIMITED
JSE007,NA-KD
JSE008,STICKERAPP
JSE009,NUDIENT
JSG001,SHEIN
JSG002,BEYOND THE VINES
JSG003,TWG TEA
JSG004,TAO
JSG005,LENSLABO
JSG006,SATURDAYCLUB SINGAPORE
JSG007,UNICITY
JSG008,EDDELUX PTE LTD 
JSG009,THE EDITOR'S MARKET PTE LTD 
JSG010,ANOTHERSOLE INTERNATIONAL PTE LTD 
JSG011,BY INVITE ONLY 
JSG012,THEORY INC PTE LTD 
JSG013,DINT
JSG014,BWL ONLINE SYSTEMS PTE. LTD
JSG015,OMIGHTY
JSG016,DELUGS
JSG017,LUNOJI
JSG018,LOVEBONITO SINGAPORE PTE LTD
JSG019,DOVER STREET MARKET (SINGAPORE) PTE LTD
JSG020,SOMETHING TO HOLD PTE LTD
JSG021,J&CO JEWELLERY
JSG022,SHORTCUTX
JSG023,STILLGOODS
JSI001,LM TEK
JTH001,"MICROCHIP TECHNOLOGY THAILAND CO.,LTD."
JTR001,GALEN LEATHER
JTR002,ICE YARNS
JTW001,ETRADEHUB
JTW002,ZENLET CO. LTD.
JTW003,"TAIHAO ENTERPRISE CO.,LTD"
JUS001,IHERB
JUS002,A24
JUS003,JAZZERCISE APPAREL
JUS004,HYPERLITE MOUNTAIN GEAR
JUS005,ENLIGHTENED EQUIPMENT
JUS006,BIXME
JUS007,THE ROW
JUS008,J&CO.
JUS009,CORP COUTURE
JUS010,CORAL&TUSK
JUS011,JOAH BROWN
JUS012,BLACKBOUGH SWIM
JUS013,CROWN AWARDS
JUS014,CORSAIR
JUS015,ELEVE DANCEWEAR
JUS016,BRIDGE PUBLICATIONS
JUS017,HULT
JUS018,CHROME HEARTS
JUS019,GORILLA MIND
JUS020,SIRUI
JUS021,K L WINE
JUS022,1800CPAP.COM
JUS023,BLACK EMBER
JUS024,BOEING STORE
JUS025,GREENWELL FARMS
JUS026,DENTCRAFT TOOLS
JUS027,BALANCED BODY
JUS028,A MA MANIERE
JUS029,BEAST ACADEMY
JUS030,HARRY WINSTON
JUS031,ASRV
JUS032,STORE HORSEMEN
JUS033,MAGBAK
JUS034,RICHARDSON SHOP
JUS035,BIGSCREEN
JUS036,B&H PHOTO VIDEO AUDIO
JUS037,BRAND ADDITION
JUS038,SHIPITO
JUS039,APPLEMUSIC
JUS040,EZTOYS
JUS041,DIABOLIK DVD
JUS042,BRANDBUCKET
JUS043,TRIANGL
JUS044,BEHAPPY!!!
JUS045,SHOP OCS
JUS046,SMILE US
JUS047,"URBAN OUTFITTERS, INC."
JUS048,PRINTIFY
JUS049,TOUCHSTONE ESSENTIALS
JUS050,YOUNGEVITY
JUS051,PRUVIT
JUS052,LOVEBIOME
JUS053,TM3 UNITED
JUS054,SUPER PATCH
JUS055,AMANATOOL
JUS056,LUMIN
JUS057,TRAINZ
JUS058,TURNTABLE LAB
JUS059,BLOOM NUTRITION
JUS060,DL1961
JUS061,LITTLE CHONK
JUS062,MADEWELL
JUS063,MVMT
JUS064,RUELALA
JUS065,"ANTHROPOLOGIE, INC."
JUS066,CLOTH & PAPER
JUS067,FUTUREBIOTICS
JUS068,GIFT FROM NEW YORK
JUS069,J.CREW
JUS070,LIMITED RUN GAMES
JUS071,SAKS FIFTH AVENUE
JUS072,"VERA BRADLEY SALES, LLC."
JUS073,VICTORIA'S SECRET
JUS074,ATM COLLECTION
JUS075,OLE HENRIKSEN
JUS076,THE DONNA KARAN COMPANY STORE LLC
JUS077,PIPING ROCK
JUS078,ACE HARDWARE
JUS079,BULK SUPPLEMENTS
JUS080,"AG1 (USA), INC."
JUS081,WE ARE AMMA
JUS082,CHIRP
JUS083,DRMTLGY
JUS084,ECZEMA HONEY CO
JUS085,FRAGRANT JEWELS
JUS086,LOS ANGELES APPAREL
JUS087,ORCHID EIGHT
JUS088,WILDLING
JUS089,BACK TA BASICS
JUS090,BODI CAFE
JUS091,WINGSTUFF.COM
JUS092,"FASHION NOVA, LLC "
JUS093,MARUHIDE
JUS094,BEST WIGSUSA
JUS095,HASHIGO WORKS
JUS096,THE INCONVENIENCE STORE
JUS097,POWERHOUSE GYM LAS VEGAS
JUS098,KAWASAKI
JUS099,WINE NOSE CLUB
JUS100,NIPPON DENTAL
JUS101,UPSTAIRS TENT
JUS102,SHIKA-MALL.COM
JUS103,SMARTFUN.COM
JUS104,SUPMART
JUS105,WORKS U.S.A.
JUS106,YOUNGLA
JUS107,HEALTHY SUPPORT
JUS108,PUBLIC REC
JUS109,"SKIMS BODY, INC."
JUS110,TOMBOYX
JUS111,"VEGAMOUR, INC."
JUS112,VINTAGE COMPUTER INC.
JUS113,SUPLINX CORP
JUS114,ABC STORES
JUS115,ALOHA FABRICS HULA & CRAFTS
JUS116,AT DAWN.
JUS117,BIG ISLAND CANDIES
JUS118,CRUSH WAIKIKI
JUS119,ECOENTERPRISE LLC
JUS120,HONOLULU COOKIE COMPANY
JUS121,HONOLULU JEWELRY COMPANY
JUS122,LIILIILEA
JUS123,US DENTAL EXPRESS
JUS124,MISA'S FASHION CAFE 
JUS125,BEAUTYLISH
JUS126,ORITZ GIFT SERVICES
JUS127,KONGSGAARD WINE
JUS128,FLORA OPTIMA
JUS129,NU SKIN
JUS130,BEST PRICE NUTRITION
JUS131,ASTROHAUS INC.
JUS132,GAMER SUPPS INC. 
JUS133,"SKINCO, LLC"
JUS134,NUTSAC
JUS135,"SUPPLY CO.,"
JUS136,SUPPLEMENT WAREHOUSE
JUS137,TARTE INC.
JUS138,TROPIC OF C
JUS139,URSA MAJOR
JUS140,INGRAM BOOK GROUP LLC
JUS141,BCBGMAXAZRIA
JUS142,OPTIMUM NUTRITION
JUS143,HOVERCAT APPAREL LLC
JUS144,ALLIANCE ENTERTAINMENT LLC
JUS145,ORIGO SHOES
JUS146,FULLBEAUTY BRANDS
JUS147,FENTY BEAUTY
JUS148,"NORDSTROM, INC."
JUS149,ZUBAL BOOKS
JUS150,SOLAWAVE
JUS151,4LIFE RESEARCH
JUS152,ACTIVZ
JUS153,ASEA GLOBAL
JUS154,LIVEPURE
JUS155,NEUMI
JUS156,BODE PRO
JUS157,"NUTRITIONAL LIFE LINES, INC."
JUS158,"III INTERNATIONAL, LLC"
JUS159,MY DESTINY PRODUCTS LLC
JUS160,TRUVY
JUS161,"FAIRWAY GOLF, INC"
JUS162,SBS SPORTS
JUS163,CALI TESORO
JUS164,PAI FULFILLMENT
JUS165,VALABASAS
JUS166,GNUHR
JUS167,MISHA AND PUFF
JUS168,"AQ SKIN SOLUTIONS, INC."
JUS169,DERBY OF SAN FRANCISCO
JUS170,MICROSOFT
JUS171,HIDDEN PPF
JUS172,RECREATIONAL EQUIPMENT INC
JUS173,C/O STELLAE INTERNATIONAL INC.
JUS174,DISTRICT VISION
JUS175,AMERICAN INTAKE
JUS176,MERCHNOW
JUS177,CATBIRD
JUS178,TARTE COSMETICS
JUS179,JENNY BIRD
JUS180,NO MAINTENANCE CORP.
JUS181,"LIMITLESS AI,"
JUS182,"WOOTING STORE, INC."
JUS183,BORN X RAISE
JUS184,"UMG RECORDINGS SERVICES, INC"
JUS185,BAGGU
JUS186,"NOMAD GOODS, INC."
JUS187,JACOB & CO.
JUS188,MOJOBREAK
JUS189,ATLAS HEADREST
JUS190,ALITZIA LP
JUS191,"GUAPI CLOTHING FZ-LLC, INC"
JUS192,"ASSOCIATED ELECTRICS, INC"
JUS193,YUBICO
JUS194,KAHALA
JUS195,"LULU PRESS, INC."
JUS196,PRINTFUL INC
JUS197,ADDGENE
JUS198,MOOJIMOOJIUS
JUS199,PLEASURESNOW
JUS200,PARTRICK TA BEAUTY
JUS201,BEDROCK SANDALS LLC
JUS202,INNO SUPPS
JUS203,AROMA360
JUS204,JUNL BRANDS
JUS205,CORAL AND TUSK
JUS206,WANDRD GEAR
JUS207,MANNATECH JAPAN G.K.
JUS208,ZAZZLE INC
JUS209,STEWMAC
JUS210,MERCOLA MARKEMER
JUS211,"NOVELKEYS, LLC"
JUS212,RINGSIDE COLLECTIBLES
JUS213,STATIC MEDIUM
JUS214,COACH OUTLET
JUS215,CARCAJOU TACTICAL
JUS216,FENO
JUS217,NUTRABIO
JUS218,100 THIEVES
JUS219,UNCOMMON GOODS
JUS220,VKTRY
JUS221,BLENDERS
JUS222,GORUCK
JUS223,R.E.M. BEAUTY
JUS224,WOXER
JUS225,BICYCLE HERO
JUS226,THE OPAL TROVE/SHOPIFY
JUS227,CALERIE LIFE
JUS228,LANCASTER ARCHERY SUPPLY
JUS229,BOWL KEYBOARDS /SHOPIFY
JUS230,OVERLAND GEAR GUY/SHOPIFY
JUS231,OFFICIAL PIX/SHOPIFY
JUS232,SILKY GEM CRYSTAL CANDY/SHOPIFY
JUS233,90 PLUS WINE CLUB
JUS234,ALICE + OLIVIA
JUS235,ALLIED MEDAL HANGERS
JUS236,AMERICAN RAG CIE
JUS237,AMSALE
JUS238,ANGEL COMPETITION BIKINIS
JUS239,APPARIS
JUS240,BOWLERSMART
JUS241,DARK ENTRIES RECORDS
JUS242,DAVID YURMAN
JUS243,DVD FANTASIUM
JUS244,END GAME CURLING
JUS245,FERREE'S TOOL INC.
JUS246,FOOLPROOF BRAND
JUS247,HAPPY LITTLE MOTHER
JUS248,HARDIES HARDWARE
JUS249,HIRSHLEIFERS
JUS250,HOWL FABRIC
JUS251,INTERNATIONAL PHARMACY.COM
JUS252,KIDS ATELIER
JUS253,LAS OLITAS
JUS254,LAST NIGHT GAMES
JUS255,LUXYURI
JUS256,MANNAHATTA NYC
JUS257,MANUAL
JUS258,MARC JACOBS
JUS259,MARK SMITH TURQUOISE
JUS260,MIRACLE BOTANICALS
JUS261,MSCHF
JUS262,NEXUSWOODWIND
JUS263,NIK BENTEL STUDIO
JUS264,NOTHIN'SPECIA
JUS265,OGLEBY SISTERS SOAP
JUS266,PACO MOTORSPORTS
JUS267,PAULA SKENE DESIGNS
JUS268,PROSPECTIVE FLOW
JUS269,RITE-HITE
JUS270,SMALLHD
JUS271,SPACE OF TIME STUDIO
JUS272,STOMPBOXPARTS
JUS273,STREETWEAR
JUS274,SV77
JUS275,TEN TWENTY 3D
JUS276,THE AESTHETIC DOLLAR
JUS277,THE WEBSTER
JUS278,THREAT LLAMA
JUS279,UNDERWORLD SUBROXXA
JUS280,UTECH RECORDS
JUS281,VERSA GRIPPS
JUS282,XLCS DESIGNS
JUS283,YOBO GEAR
JUS284,ARIANA GRANDE OFFICIAL STORE
JUS285,FRANK ZAPPA OFFICIAL STORE
JUS286,GRACIE ABRAMS OFFICIAL STORE
JUS287,KESHI OFFICIAL STORE
JUS288,NINE INCH NAILS OFFICIAL STORE
JUS289,OLIVIA RODRIGO OFFICIAL STORE
JUS290,QOTSA OFFICIAL STORE
JUS291,RIHANNA OFFICIAL STORE
JUS292,SELENA GOMEZ OFFICIAL STORE
JUS293,SLIPKNOT OFFICIAL STORE
JUS294,TAYLOR SWIFT OFFICIAL STORE
JUS295,CROSSTONER
JUS296,DARKHAUS
JUS297,FOUND
JUS298,INFINITY MICE
JUS299,PRAYING
JUS300,THE PIN UNIVERSE
JUS301,H+S COFFEE ROASTERS
JUS302,DEREK HUGGER
JUS303,ALOHA SHIRT SHOP
JUS304,BAD TIME RECORDS
JUS305,ZENNI
JVN001,GOLDIE VIETNAM
PAE001,EMIRATES OFFICIAL STORE
PAT001,BAMBINIFASHION.COM
PAU001,CETTIRE
PAU002,SENSO
PAU003,BUTTER GOODS PTY LTD
PAU004,LONELYPLANET
PBR001,FUTFANATICS
PCA001,HAVEN
PCA002,NINETIMES SKATESHOP
PCH001,APRIS GMBH INTERNATIONAL TRADING
PCN002,ALIEXPRESS
PCN003,"SHENZHEN XIN RUI ZHI INDUSTRIAL CO., LTD"
PCN004,"DONGGUAN YIYI TECHNOLOGY CO., LTD"
PCN005,1688
PCN006,"CHINA GUARDIAN AUCTIONS CO., LTD"
PCN007,XIAOLIZI
PCN008,MOVIE MARKET INC.
PCN009,THE CKB
PCN010,AMYLOVEDIY.COM
PCN011,HKTDC.COM SOURCING
PCN012,PINDUODUO
PCZ001,"EVATON, S.R.O."
PCZ002,ERGO PRODUCT
PDE001,MYTHERESA
PDE002,AFEW
PDE003,IMPERICON
PDE004,HIGHSNOBIETY
PDE005,WHISKYAUCTION.Com
PDE006,AMS AUTO GMBH
PDE007,AQUA COMPUTER
PDK001,NORSE STORE
PDK002,ARCHITECTMADE
PDK003,NOMA PROJECTS
PDK004,LOUISIANA MUSEUM OF MODERN ART
PDK005,POSTER & FRAME ART GROUP
PDK006,THE POSTER CLUB
PDK007,ASETEK
PDK008,DESIGN EYEWEAR GROUP
PDK009,STOY
PES001,AMMAREAL
PFI001,FINNISH DESIGN SHOP
PFI002,AYUMU.OY
PFI003,VARUSTE.NET
PFI004,KALEVALA KORU
PFR001,THALES
PFR002,GLAMUSE
PFR003,PRESTIGE CELLAR
PFR004,24S.COM
PFR005,MONNIER
PFR006,FD
PFR007,AXAL / ALCANTARA & RITZ
PFR008,FFT C/O L4 LOGISTIQUE
PFR009,ROSE PASSION
PFR010,L'ETIQUETTE
PFR011,OTTO MOBILE
PFR012,MYCOMPANERO.COM
PFR013,THE GRADUATE STORE
PGB001,SSENSE
PGB002,GLOBAL E
PGB003,FARFETCH
PGB004,SUPREME IMPORTS
PGB005,END.
PGB006,ELISEPARTS
PGB007,JUNO
PGB008,BLEEP STORES
PGB009,SELFRIDGES&C
PGB010,SPECIALITY DRINKS
PGB011,ASOS
PGB012,HARRODS
PGB013,HAVRE DE LUXE
PGB014,CPI
PGB015,UVU CLUB
PGB016,MEMENTO EXCLUSIVES
PGB017,WHISKY AUCTIONEER LTD
PGB018,MINI SPARES CENTRE
PGB019,REDPOST EQUESTRIAN
PGB020,LPG CLINICS WHOLESALE LTD
PGB021,CHILDSPLAY CLOTHING
PGB022,MARANELLO CLASSIC PARTS
PGB023,FLEEK
PGB024,JASON ANDERSON ARTIST
PGB025,CRTZRTW
PGB026,MATCHWORNSHIRT
PGB027,CHAOSCARDS
PGB028,MOTACLAN
PHK001,JUICE STORE
PHK002,HYPEBEAST
PHK003,TSANG CHRISTINE (NOVELSHIP)
PHK004,KICKS CREW IINC.
PHK005,YI JIA INTERNATIONAL
PHK006,HBX
PID001,SUKOU MINI
PIN001,INDIAN ABUNDANCE
PIN002,FNP
PIN003,INDIAMART SHOPPING
PIN004,PRAGATI HEALTHCARE
PIN005,INDOPHILIA PRIVATE LIMITED
PIN006,HINDUSTAN BOOK AGENCY
PIN007,NOVAGRAAF
PIR001,AIRLAND
PIT001,RESIDENZA 725
PIT002,LUISAVIAROMA
PIT003,GIGLIO
PIT004,GENIAL MOTOR
PIT005,YOOX NET-A-PORTER GROUP
PIT006,THE DOUBLE F
PIT007,DIANA
PIT008,SLAMJAM C/O SNATT
PIT009,ITASERV B.V.
PIT010,JULIAN FASHION SRL
PIT011,MOTOSTORM SRL
PIT012,LAUDORACING MODELS
PIT013,OTK SHOP
PIT014,SOUNDOHM
PIT015,OPTICA OPTIMA
PIT016,DUOMO
PIT017,AFAD
PIT018,ANDREA PICCININI
PIT019,BERNOCCHI SNC
PJP001,RAKUTEN
PJP002,QOO10
PJP003,BUYMA
PJP004,STOCK X
PJP005,YAHOO! SHOPPING
PJP006,JEANS FACTORY
PJP007,PHOTOBOOK 
PJP008,YAHOO! AUCTIONS
PJP009,SATURNSPARK NVS
PJP011,NETSEA
PJP012,WOWMA
PJP013,ZOZOTOWN
PJP014,BOOTH
PJP015,AUPAY MARKET
PJP016,MERCARI
PJP017,ICONS
PJP018,AMOOD
PJP019,YAHOO! FREEMARKET
PJP020,SUCRERIES
PJP021,IPPO.
PJP022,CREEMA
PJP023,SHOPLIST
PJP024,LOCONDO
PJP025,082+
PKE001,ARTISAN COLLECTIVE LTD
PKR001,GVG
PKR002,ADORELUX
PKR003,ADDICTED
PKR004,ALADIN COMMUNICATION
PKR005,SILICON II
PKR006,CJ OLIVEYOUNG
PKR007,AMOREPACIFIC
PKR008,SW TREND
PKR009,BENOW
PKR010,MEDICARELABS
PKR011,U DRESSER
PKR012,KYOBO BOOK CENTRE
PKR013,ENIGMO INC.
PKR014,DELIVERED KOREA
PKR015,BY LENS.ME.
PKR016,TAKSE
PKR017,ABLY
PKR018,IDUS
PKW001,UBUY CO
PLV001,CARS245
PMY001,JOUNALPAGES
PMY002,SLACKERS BREW ENTERPRISE
PNL001,STICHD
PNL002,ARTIPOPPE
PNL003,AVANT ARTE
PNL004,CMS
PNL005,BRICKSDIRECT
PNL006,FREE BIRDS
PNL007,SNOWCOUNTRY
PNL008,RRC MUSIC CO.
PNO001,TOM WOOD
PNO002,NORRONA C/O DSV
PNZ001,GLOBAL GRABZONE
PNZ002,RINGA RINGA SOAP
PNZ003,VAPESPOT
PNZ004,PODLYFE
PPL001,ARCHON STUDIO
PPL002,GWD CONCEPT SP Z O.O.
PPT001,MINGA LONDON
PSE001,AUCTIONET
PSE002,DESENIO
PSE003,OLEND
PSE004,SNEAKERSNSTUFF
PSE005,NORDIC NEST AB
PSG001,TEMU
PSG002,ETOREN
PSG003,TIK TOK SHOP
PSG004,UNDO HAIRWARE
PSG005,KRISSHOP PTE. LTD. (KSECC)
PSG006,ELSEVIER INC
PTH001,THAI SUBLIMATION
PTH002,"THAICD ONLINE LTD.,PART."
PTW001,ESLITE
PTW002,INVINCIBLE CREATIVE CO. LTD
PTW003,JOWUA INTERNATIONAL LIMITED TAIWAN BRANCH
PTW004,"PRESCO NETMARKETING,INC."
PTW005,KUNG FU MERCH
PUS001,AMAZON
PUS002,ROCKAUTO.COM
PUS003,KITH
PUS004,EBAY
PUS005,PITNEY BOWES
PUS006,GOAT:SNEAKERS
PUS007,BORDERFREE
PUS008,DIGIKEY
PUS009,SUMMIT RACING EQUIPMENT
PUS010,FUN
PUS011,HAL LEONARD
PUS012,ECS TUNING
PUS013,FANGAMER
PUS014,KAVISO
PUS015,ACOUSTIC SOUNDS
PUS016,BASS PRO SHOP
PUS017,CHARITYSTARS
PUS018,BIGBADTOYSTORE
PUS019,DUSTY GROOVE
PUS020,JEGS
PUS022,IFIXIT
PUS023,ACUSHNET CHOLDINGS CORP.
PUS024,DLT
PUS025,GLIDING EAGLE
PUS026,DEATHWISH INC
PUS027,USHOPMALL
PUS028,LINEFRIENDS
PUS029,JOYCE
PUS030,ATELIER
PUS031,MYUS.COM
PUS032,PEAK DESIGN
PUS033,GRAILED
PUS034,FISHISFAST
PUS035,SEKAIMON
PUS037,NEWEGG INC
PUS038,SHIPPING MANAGER
PUS039,CHRISTIANBOOK
PUS040,VERY SPECIAL C/O ROAM
PUS041,PP/RL FULFILLMENT
PUS042,COMPLEX
PUS043,DIAMOND ART CLUB
PUS044,TOPPS. 
PUS045,CARD KINGDOM AND MOX BOARDING HOUSE.  
PUS046,GOOD THANKS
PUS047,KLICKANDSELL E-COMMERCE GMBH
PUS048,ARTDESIGNA
PUS049,"AUTOSALES, INCORPORATED"
PUS050,RIPNDIP
PUS051,"1661, INC."
PUS052,BRAIN DEAD
PUS053,PELICAN PARTS LLC
PUS054,JACK'S SURFBOARDS.
PUS055,"MOUSTER ELECTRONICS, INC."
PUS056,STOCKX.
PUS057,ACUSHNET HOLDINGS CORP.
PUS058,CONSOLIDATED MOTOR SPARES B.V.
PUS059,MASTER OF MALT
PUS060,"RECORDS BY MAIL, LLC"
PUS061,"ETSY, INC"
PUS062,NOBLE KNIGHT
PUS063,VINEGAR SYNDROME 
PUS064,KNIFE CENTER INC.
PUS065,REVERBCOM LLC
PUS066,ALO YOGA
PUS067,LAKERSSTORE.COM
PUS068,NAMIFY
PUS069,POLAR PRO
PUS070,HERITAGE AUCTIONS
PUS071,TRADE WORKS ASIA LIMITED.
